,RandomInjector,NonlinearwiseInjector,NeighborwiseInjector
1557_abalone.arff,0.42135503950203496,0.47713670098156574,0.5259755805602107
40671_ecoli.arff,0.691131498470948,0.6972477064220184,0.8562691131498471
1508_user-knowledge.arff,0.630272952853598,0.6501240694789082,0.7692307692307693
4153_Smartphone-Based_Recognition_of_Human_Activities.arff,0.7,0.7777777777777778,0.8000000000000002
50_tic-tac-toe.arff,0.5709812108559499,0.6325678496868476,0.6210855949895616
