,RandomInjector,NonlinearwiseInjector,NeighborwiseInjector
1557_abalone.arff,0.5920517117548479,0.539621738089538,0.4977256404117788
40671_ecoli.arff,0.45871559633027525,0.43425076452599387,0.27522935779816515
1508_user-knowledge.arff,0.43672456575682383,0.45409429280397023,0.3052109181141439
4153_Smartphone-Based_Recognition_of_Human_Activities.arff,0.4111111111111111,0.28888888888888886,0.24444444444444444
50_tic-tac-toe.arff,0.3966597077244259,0.34133611691022964,0.3455114822546973
