,RandomInjector,NonlinearwiseInjector,NeighborwiseInjector
1557_abalone.arff,0.7895618865214268,0.7950682307876467,0.8168542015800814
40671_ecoli.arff,0.8776758409785933,0.8715596330275229,0.8837920489296636
1508_user-knowledge.arff,0.8238213399503721,0.8535980148883374,0.8560794044665012
4153_Smartphone-Based_Recognition_of_Human_Activities.arff,0.8666666666666667,0.8611111111111112,0.8777777777777779
50_tic-tac-toe.arff,0.8966597077244258,0.8966597077244258,0.8924843423799582
