,RandomInjector,NonlinearwiseInjector,NeighborwiseInjector
40671_ecoli.arff,0.9296636085626911,0.926605504587156,0.9602446483180428
50_tic-tac-toe.arff,0.9592901878914405,0.8716075156576201,0.8935281837160751
1557_abalone.arff,0.7665788843667706,0.7119942542494614,0.7713670098156573
1508_user-knowledge.arff,0.9280397022332506,0.9379652605459057,0.9503722084367245
4153_Smartphone-Based_Recognition_of_Human_Activities.arff,0.9722222222222222,0.9555555555555556,0.9388888888888889
