,RandomInjector,NonlinearwiseInjector,NeighborwiseInjector
1557_abalone.arff,0.6023461814699546,0.6238927459899449,0.6700981565717021
40671_ecoli.arff,0.8409785932721713,0.8318042813455657,0.9113149847094801
1508_user-knowledge.arff,0.8064516129032258,0.8114143920595535,0.8660049627791563
4153_Smartphone-Based_Recognition_of_Human_Activities.arff,0.8777777777777779,0.8888888888888888,0.8833333333333333
50_tic-tac-toe.arff,0.6805845511482255,0.6670146137787056,0.6659707724425887
