,RandomInjector,NonlinearwiseInjector,NeighborwiseInjector
1557_abalone.arff,0.7950682307876467,0.7909983241560928,0.8228393583911898
40671_ecoli.arff,0.9174311926605505,0.9235474006116207,0.9571865443425076
1508_user-knowledge.arff,0.9429280397022333,0.9404466501240695,0.9454094292803971
4153_Smartphone-Based_Recognition_of_Human_Activities.arff,0.9777777777777777,0.9555555555555556,0.9444444444444444
50_tic-tac-toe.arff,0.9603340292275574,0.8716075156576201,0.8935281837160751
