,RandomInjector,NonlinearwiseInjector,NeighborwiseInjector
1557_abalone.arff,0.41872157050514724,0.4658846061766818,0.4764184821642327
40671_ecoli.arff,0.6697247706422018,0.743119266055046,0.7370030581039754
1508_user-knowledge.arff,0.4739454094292804,0.4813895781637717,0.4739454094292804
4153_Smartphone-Based_Recognition_of_Human_Activities.arff,0.7333333333333333,0.7611111111111111,0.7388888888888889
50_tic-tac-toe.arff,0.09916492693110647,0.09916492693110647,0.09916492693110647
